{
  "features": [
    "koi_fpflag_nt",
    "koi_fpflag_ss",
    "koi_fpflag_co",
    "koi_fpflag_ec",
    "koi_period",
    "koi_time0bk",
    "koi_impact",
    "koi_duration",
    "koi_depth",
    "koi_prad",
    "koi_teq",
    "koi_insol",
    "koi_model_snr",
    "koi_tce_plnt_num",
    "koi_steff",
    "koi_slogg",
    "koi_srad",
    "koi_kepmag",
    "tce_deliv_q1_q16_tce",
    "tce_deliv_q1_q17_dr24_tce",
    "tce_deliv_q1_q17_dr25_tce"
  ],
  "is_classifier": true,
  "model_type": "VotingClassifier",
  "scaler_params": {
    "mean": [
      0.2532068177824635,
      0.30697592690212616,
      0.2637497803549464,
      0.16007731505886488,
      46.52331868972061,
      160.71527160695834,
      0.7284172201722017,
      5.640392272008434,
      30528.67288701458,
      118.7162467053242,
      1170.9474609031804,
      8339.65864874363,
      329.3852574240028,
      1.2236865225795115,
      5718.0817079599365,
      4.30823844667018,
      1.755325953259533,
      14.263741873133018,
      0.04146898611843261,
      0.02952029520295203,
      0.9290107186786154
    ],
    "scale": [
      6.172648259528429,
      0.46123931662934664,
      0.4406652172768619,
      0.3666777444329145,
      106.75230226237365,
      62.19730450601881,
      2.921316367034751,
      6.861974500220337,
      93124.22434802199,
      3596.061180597627,
      887.9421932086561,
      168780.26905796496,
      898.7506067549258,
      0.6332672592797434,
      825.1647178796612,
      0.4384504009266309,
      6.174197816756052,
      1.382108670366443,
      0.1993722882166472,
      0.16925970392885184,
      0.2568069377155881
    ]
  }
}